{"autoplayTransitionDelay":5,"author":"","timestamp":"2018-22-14 18:10:7","loopSlideshow":0,"filename":"Radicals","autoplayBuildDelay":2,"comment":"","title":"Radicals","showMode":0,"creator":"Apple Keynote 8.2","slideList":["D45DD633-3007-46CE-ACF7-C0BF4C9E7379","BAEDD224-E9AD-486F-A73F-B3B050AE5519","7D643FA7-9A1F-45A5-A30F-7828735F3C35","5A27E207-8CD7-4F1C-82BF-A30A9A22C95F","33A9A79B-991A-4F64-AED5-004E88E2A98C","335399FE-C474-4906-A171-442EF2695989","42A6ECF5-518A-422F-8FBD-7332039E8798","EB6B53F2-09BC-48FD-B09E-1D11B589F841","D3921B86-C2AB-40AC-9D54-7FAB96B7B734","3DFD8D35-C57E-4E62-95B6-AEF35C9BE1FA","C53FF79F-63EB-4D2C-81EC-38FF13007DFB","22C7F066-2FE1-468C-BAF2-D3A04D16BF9A","18EEC01E-B532-4640-9E50-3F17358B9D22","3979A232-6968-45FD-8C4C-519D19AF963E","7AE45E23-BE16-43C7-BC33-BEE9BC04DEDD","15135938-B688-401D-9348-5E87DFEC2834","115425A2-D811-45D6-8E1E-877F2673333B"],"soundtrack":{"mode":0,"volume":1},"slideWidth":1024,"slideHeight":768,"slideCount":17,"majorVersion":1,"minorVersion":2,"fonts":["HelveticaNeue-Light","HelveticaNeue-Bold","HelveticaNeue-Italic","Helvetica","TrebuchetMS-Italic","Times-Roman","Helvetica-Light","TrebuchetMS","GillSans","TimesNewRomanPS-ItalicMT","HelveticaNeue-Medium","HelveticaNeue-Thin","HelveticaNeue","TimesNewRomanPSMT"]}