{"assets":{"DB8451458D98EFA7506DBEBC2B1323F0":{"type":"texture","index":1,"assetRequest":{"type":"slide","state":"contents","slide":"none"},"url":{"native":"assets\/115425A2-D811-45D6-8E1E-877F2673333B.pdf"},"width":1024,"height":768},"D6E437571D5452C81C14F7DDC47010B3":{"type":"texture","index":0,"assetRequest":{"type":"slide","state":"contents","slide":"none"},"url":{"native":"assets\/115425A2-D811-45D6-8E1E-877F2673333B.pdf"},"width":1024,"height":768}},"events":[{"effects":[{"beginTime":0,"baseLayer":{"animations":[],"initialState":{"affineTransform":[1,0,0,1,0,0],"masksToBounds":false,"rotation":0,"scale":1,"position":{"pointX":512,"pointY":384},"width":1024,"sublayerTransform":[1,0,0,0,0,1,0,0,0,0,1,0,0,0,0,1],"contentsRect":{"y":0,"x":0,"width":1,"height":1},"opacity":1,"edgeAntialiasingMask":251658240,"height":768,"hidden":false,"anchorPoint":{"pointX":0.5,"pointY":0.5}},"objectID":"0","layers":[{"animations":[],"initialState":{"affineTransform":[1,0,0,1,0,0],"masksToBounds":false,"rotation":0,"scale":1,"position":{"pointX":512,"pointY":384},"width":1024,"sublayerTransform":[1,0,0,0,0,1,0,0,0,0,1,-0.00049229876906403734,0,0,0,1],"contentsRect":{"y":0,"x":0,"width":1,"height":1},"opacity":1,"edgeAntialiasingMask":251658240,"height":768,"hidden":false,"anchorPoint":{"pointX":0.5,"pointY":0.5}},"layers":[{"animations":[],"layers":[],"texturedRectangle":{"isBackgroundTexture":false,"singleTextureOpacity":1,"textureType":0,"textBaseline":0,"textXHeight":0,"isVerticalText":false},"initialState":{"affineTransform":[1,0,0,1,0,0],"masksToBounds":false,"rotation":0,"scale":1,"position":{"pointX":512,"pointY":384},"width":1024,"sublayerTransform":[1,0,0,0,0,1,0,0,0,0,1,0,0,0,0,1],"contentsRect":{"y":0,"x":0,"width":1,"height":1},"opacity":1,"edgeAntialiasingMask":0,"height":768,"hidden":false,"anchorPoint":{"pointX":0.5,"pointY":0.5}},"texture":"DB8451458D98EFA7506DBEBC2B1323F0"},{"animations":[{"timeOffset":0,"from":{"scalar":false},"beginTime":0,"repeatCount":0,"fillMode":"both","property":"hidden","autoreverses":false,"duration":0.01,"to":{"scalar":true}}],"layers":[],"texturedRectangle":{"isBackgroundTexture":false,"singleTextureOpacity":1,"textureType":0,"textBaseline":0,"textXHeight":0,"isVerticalText":false},"initialState":{"affineTransform":[1,0,0,1,0,0],"masksToBounds":false,"rotation":0,"scale":1,"position":{"pointX":512,"pointY":384},"width":1024,"sublayerTransform":[1,0,0,0,0,1,0,0,0,0,1,0,0,0,0,1],"contentsRect":{"y":0,"x":0,"width":1,"height":1},"opacity":1,"edgeAntialiasingMask":0,"height":768,"hidden":false,"anchorPoint":{"pointX":0.5,"pointY":0.5}},"texture":"D6E437571D5452C81C14F7DDC47010B3"}]}]},"effects":[],"duration":0.01,"type":"transition","name":"none","objectID":"0"}],"automaticPlay":false,"hyperlinks":[{"url":"?slide=next","targetRectangle":{"y":612.78125,"x":799.28125,"width":139.34765625,"height":70.852012634277344}}],"accessibility":[{"text":"自己","targetRectangle":{"y":66.499997138977051,"x":840.00000238418579,"width":96,"height":67}},{"text":"测试","targetRectangle":{"y":66.499997138977051,"x":98.000002384185791,"width":96,"height":67}},{"text":"http:\/\/moziru.com\/images\/chinese-dragon-clipart-4.jpg","targetRectangle":{"y":41.949986457824707,"x":377.30000305175781,"width":269.39999389648438,"height":140.05000305175781}},{"text":"\\u2028","targetRectangle":{"y":193.99999141693115,"x":375.78710651397705,"width":7,"height":14.490234375}},{"text":"cèshì zìjî\/test yourself","targetRectangle":{"y":223.99999141693115,"x":380.20361042022705,"width":263.5927734375,"height":30}},{"text":"which character(s) mean restaurant?","targetRectangle":{"y":336.99999141693115,"x":375.78710651397705,"width":230.234375,"height":16}},{"text":"饭店","targetRectangle":{"y":352.99999141693115,"x":411.78710627555847,"width":28,"height":20}},{"text":"一点","targetRectangle":{"y":372.99999141693115,"x":411.78710627555847,"width":28,"height":20}},{"text":"校","targetRectangle":{"y":392.99999141693115,"x":411.78710627555847,"width":14,"height":20}},{"text":"怕","targetRectangle":{"y":412.99999141693115,"x":411.78710627555847,"width":14,"height":20}},{"text":"which is the heart radical?","targetRectangle":{"y":448.99999141693115,"x":375.78710651397705,"width":165.78515625,"height":16}},{"text":"木","targetRectangle":{"y":464.99999141693115,"x":411.78710627555847,"width":14,"height":20}},{"text":"广","targetRectangle":{"y":484.99999141693115,"x":411.78710627555847,"width":14,"height":20}},{"text":"忄","targetRectangle":{"y":504.99999141693115,"x":411.78710627555847,"width":14,"height":20}},{"text":"亻","targetRectangle":{"y":524.99999141693115,"x":411.78710627555847,"width":14,"height":20}},{"text":"which character(s) mean school?","targetRectangle":{"y":560.99999141693115,"x":375.78710651397705,"width":204.33984375,"height":16}},{"text":"占","targetRectangle":{"y":576.99999141693115,"x":411.78710627555847,"width":14,"height":20}},{"text":"雨点","targetRectangle":{"y":596.99999141693115,"x":411.78710627555847,"width":28,"height":20}},{"text":"商店","targetRectangle":{"y":616.99999141693115,"x":411.78710627555847,"width":28,"height":20}},{"text":"校     ","targetRectangle":{"y":636.99999141693115,"x":411.78710627555847,"width":35.0888671875,"height":20}}],"baseLayer":{"animations":[],"initialState":{"affineTransform":[1,0,0,1,0,0],"masksToBounds":false,"rotation":0,"scale":1,"position":{"pointX":512,"pointY":384},"width":1024,"sublayerTransform":[1,0,0,0,0,1,0,0,0,0,1,0,0,0,0,1],"contentsRect":{"y":0,"x":0,"width":1,"height":1},"opacity":1,"edgeAntialiasingMask":251658240,"height":768,"hidden":false,"anchorPoint":{"pointX":0.5,"pointY":0.5}},"objectID":"0","layers":[{"animations":[],"initialState":{"affineTransform":[1,0,0,1,0,0],"masksToBounds":false,"rotation":0,"scale":1,"position":{"pointX":512,"pointY":384},"width":1024,"sublayerTransform":[1,0,0,0,0,1,0,0,0,0,1,-0.00049229876906403734,0,0,0,1],"contentsRect":{"y":0,"x":0,"width":1,"height":1},"opacity":1,"edgeAntialiasingMask":251658240,"height":768,"hidden":false,"anchorPoint":{"pointX":0.5,"pointY":0.5}},"layers":[{"animations":[],"layers":[],"texturedRectangle":{"isBackgroundTexture":false,"singleTextureOpacity":1,"textureType":0,"textBaseline":0,"textXHeight":0,"isVerticalText":false},"initialState":{"affineTransform":[1,0,0,1,0,0],"masksToBounds":false,"rotation":0,"scale":1,"position":{"pointX":512,"pointY":384},"width":1024,"sublayerTransform":[1,0,0,0,0,1,0,0,0,0,1,0,0,0,0,1],"contentsRect":{"y":0,"x":0,"width":1,"height":1},"opacity":1,"edgeAntialiasingMask":0,"height":768,"hidden":false,"anchorPoint":{"pointX":0.5,"pointY":0.5}},"texture":"D6E437571D5452C81C14F7DDC47010B3"}]}]}}]}